Username,Password,Email,First Name,Last Name
,,abhishekst263@gmail.com,Abhishek,Sunil Tiwari
,,bansal.akash1807@gmail.com,Akash,Bansal
,,muskan.18bcs1070@abes.ac.in,Muskan,Maheswari
,,nitinjain.ccube@gmail.com,Nitin,Jain
,,rajat123468@gmail.com,Rajat,Shrivastava
,,tanushkumar244@gmail.com,Tanush,Kumar
,,mthanujanov@gmail.com,Thanuja,Mudududla
,,vidyanshurpvvyv@gmail.com,Vidyanshu,Mishra